{
    "loss": 1.110793113708496,
    "accuracy": 0.6043165326118469
}