{
    "loss": 0.07482097297906876,
    "accuracy": 0.9928057789802551
}