{
    "loss": 0.22986288368701935,
    "accuracy": 0.8776978254318237
}